,example_index,prediction,prob,target,seed,split
0,25,0,0.48565343,1,123456,test
1,38,0,0.48441485,1,123456,test
2,44,0,0.48456123,0,123456,test
3,46,0,0.48399448,0,123456,test
4,47,0,0.4840746,1,123456,test
5,58,0,0.48461175,0,123456,test
6,67,0,0.48429805,0,123456,test
7,74,0,0.4839788,0,123456,test
8,80,0,0.48352474,1,123456,test
